{
    "name": "root",
    "gauges": {
        "AgentController.Policy.Entropy.mean": {
            "value": 1.418727159500122,
            "min": 1.418727159500122,
            "max": 1.418727159500122,
            "count": 1
        },
        "AgentController.Policy.Entropy.sum": {
            "value": 71248.4765625,
            "min": 71248.4765625,
            "max": 71248.4765625,
            "count": 1
        },
        "AgentController.Environment.EpisodeLength.mean": {
            "value": 107.41309255079007,
            "min": 107.41309255079007,
            "max": 107.41309255079007,
            "count": 1
        },
        "AgentController.Environment.EpisodeLength.sum": {
            "value": 47584.0,
            "min": 47584.0,
            "max": 47584.0,
            "count": 1
        },
        "AgentController.Step.mean": {
            "value": 49998.0,
            "min": 49998.0,
            "max": 49998.0,
            "count": 1
        },
        "AgentController.Step.sum": {
            "value": 49998.0,
            "min": 49998.0,
            "max": 49998.0,
            "count": 1
        },
        "AgentController.Policy.ExtrinsicValueEstimate.mean": {
            "value": 1.0145516395568848,
            "min": 1.0145516395568848,
            "max": 1.0145516395568848,
            "count": 1
        },
        "AgentController.Policy.ExtrinsicValueEstimate.sum": {
            "value": 1038.90087890625,
            "min": 1038.90087890625,
            "max": 1038.90087890625,
            "count": 1
        },
        "AgentController.Environment.CumulativeReward.mean": {
            "value": -0.19909502262443438,
            "min": -0.19909502262443438,
            "max": -0.19909502262443438,
            "count": 1
        },
        "AgentController.Environment.CumulativeReward.sum": {
            "value": -88.0,
            "min": -88.0,
            "max": -88.0,
            "count": 1
        },
        "AgentController.Policy.ExtrinsicReward.mean": {
            "value": -0.19909502262443438,
            "min": -0.19909502262443438,
            "max": -0.19909502262443438,
            "count": 1
        },
        "AgentController.Policy.ExtrinsicReward.sum": {
            "value": -88.0,
            "min": -88.0,
            "max": -88.0,
            "count": 1
        },
        "AgentController.Losses.PolicyLoss.mean": {
            "value": 0.023081847947711745,
            "min": 0.023081847947711745,
            "max": 0.023081847947711745,
            "count": 1
        },
        "AgentController.Losses.PolicyLoss.sum": {
            "value": 0.09232739179084698,
            "min": 0.09232739179084698,
            "max": 0.09232739179084698,
            "count": 1
        },
        "AgentController.Losses.ValueLoss.mean": {
            "value": 0.5020170196890832,
            "min": 0.5020170196890832,
            "max": 0.5020170196890832,
            "count": 1
        },
        "AgentController.Losses.ValueLoss.sum": {
            "value": 2.0080680787563328,
            "min": 2.0080680787563328,
            "max": 2.0080680787563328,
            "count": 1
        },
        "AgentController.Policy.LearningRate.mean": {
            "value": 0.00028457115514294993,
            "min": 0.00028457115514294993,
            "max": 0.00028457115514294993,
            "count": 1
        },
        "AgentController.Policy.LearningRate.sum": {
            "value": 0.0011382846205717997,
            "min": 0.0011382846205717997,
            "max": 0.0011382846205717997,
            "count": 1
        },
        "AgentController.Policy.Epsilon.mean": {
            "value": 0.19485705,
            "min": 0.19485705,
            "max": 0.19485705,
            "count": 1
        },
        "AgentController.Policy.Epsilon.sum": {
            "value": 0.7794282,
            "min": 0.7794282,
            "max": 0.7794282,
            "count": 1
        },
        "AgentController.Policy.Beta.mean": {
            "value": 0.0047433667950000005,
            "min": 0.0047433667950000005,
            "max": 0.0047433667950000005,
            "count": 1
        },
        "AgentController.Policy.Beta.sum": {
            "value": 0.018973467180000002,
            "min": 0.018973467180000002,
            "max": 0.018973467180000002,
            "count": 1
        },
        "AgentController.IsTraining.mean": {
            "value": 1.0,
            "min": 1.0,
            "max": 1.0,
            "count": 1
        },
        "AgentController.IsTraining.sum": {
            "value": 1.0,
            "min": 1.0,
            "max": 1.0,
            "count": 1
        }
    },
    "metadata": {
        "timer_format_version": "0.1.0",
        "start_time_seconds": "1712630965",
        "python_version": "3.10.12 | packaged by Anaconda, Inc. | (main, Jul  5 2023, 19:01:18) [MSC v.1916 64 bit (AMD64)]",
        "command_line_arguments": "C:\\Users\\arceu\\miniconda3\\envs\\mlagents\\Scripts\\mlagents-learn --run-id=Test1",
        "mlagents_version": "1.0.0",
        "mlagents_envs_version": "1.0.0",
        "communication_protocol_version": "1.5.0",
        "pytorch_version": "1.13.1+cu117",
        "numpy_version": "1.23.1",
        "end_time_seconds": "1712631106"
    },
    "total": 141.39350379999087,
    "count": 1,
    "self": 0.011910099987289868,
    "children": {
        "run_training.setup": {
            "total": 0.03421840000373777,
            "count": 1,
            "self": 0.03421840000373777
        },
        "TrainerController.start_learning": {
            "total": 141.34737529999984,
            "count": 1,
            "self": 0.1439703002688475,
            "children": {
                "TrainerController._reset_env": {
                    "total": 8.167003099995782,
                    "count": 1,
                    "self": 8.167003099995782
                },
                "TrainerController.advance": {
                    "total": 132.82219899974007,
                    "count": 6470,
                    "self": 0.12825040015741251,
                    "children": {
                        "env_step": {
                            "total": 114.93670940015,
                            "count": 6470,
                            "self": 109.26416969904676,
                            "children": {
                                "SubprocessEnvManager._take_step": {
                                    "total": 5.584878399793524,
                                    "count": 6470,
                                    "self": 0.39951989939436316,
                                    "children": {
                                        "TorchPolicy.evaluate": {
                                            "total": 5.185358500399161,
                                            "count": 6097,
                                            "self": 5.185358500399161
                                        }
                                    }
                                },
                                "workers": {
                                    "total": 0.0876613013097085,
                                    "count": 6469,
                                    "self": 0.0,
                                    "children": {
                                        "worker_root": {
                                            "total": 129.99751390045276,
                                            "count": 6469,
                                            "is_parallel": true,
                                            "self": 31.93179060058901,
                                            "children": {
                                                "steps_from_proto": {
                                                    "total": 0.006642899999860674,
                                                    "count": 1,
                                                    "is_parallel": true,