{
    "name": "root",
    "metadata": {
        "timer_format_version": "0.1.0",
        "start_time_seconds": "1713362093",
        "python_version": "3.10.12 | packaged by Anaconda, Inc. | (main, Jul  5 2023, 19:01:18) [MSC v.1916 64 bit (AMD64)]",
        "command_line_arguments": "C:\\Users\\arceu\\miniconda3\\envs\\mlagents\\Scripts\\mlagents-learn --run-id=Test1 --force",
        "mlagents_version": "1.0.0",
        "mlagents_envs_version": "1.0.0",
        "communication_protocol_version": "1.5.0",
        "pytorch_version": "1.13.1+cu117",
        "numpy_version": "1.23.1",
        "end_time_seconds": "1713362273"
    },
    "total": 179.28414250002243,
    "count": 1,
    "self": 0.05464860002393834,
    "children": {
        "run_training.setup": {
            "total": 0.02378250000765547,
            "count": 1,
            "self": 0.02378250000765547
        },
        "TrainerController.start_learning": {
            "total": 179.20571139999083,
            "count": 1,
            "self": 0.27767060018959455,
            "children": {
                "TrainerController._reset_env": {
                    "total": 61.27014290000079,
                    "count": 1,
                    "self": 61.27014290000079
                },
                "TrainerController.advance": {
                    "total": 117.54900849980186,
                    "count": 12495,
                    "self": 0.22790579742286354,
                    "children": {
                        "env_step": {
                            "total": 112.30465779927908,
                            "count": 12495,
                            "self": 102.35967979923589,
                            "children": {
                                "SubprocessEnvManager._take_step": {
                                    "total": 9.776506299822358,
                                    "count": 12495,
                                    "self": 0.7382553986390121,
                                    "children": {
                                        "TorchPolicy.evaluate": {
                                            "total": 9.038250901183346,
                                            "count": 12211,
                                            "self": 9.038250901183346
                                        }
                                    }
                                },
                                "workers": {
                                    "total": 0.16847170022083446,
                                    "count": 12494,
                                    "self": 0.0,
                                    "children": {
                                        "worker_root": {
                                            "total": 116.43348949632491,
                                            "count": 12494,
                                            "is_parallel": true,
                                            "self": 27.0185677955742,
                                            "children": {
                                                "steps_from_proto": {
                                                    "total": 0.0002649000089149922,
                                                    "count": 1,
                                                    "is_parallel": true,
                                                    "self": 9.119999594986439e-05,
                                                    "children": {
                                                        "_process_rank_one_or_two_observation": {
                                                            "total": 0.00017370001296512783,
                                                            "count": 2,
                                                            "is_parallel": true,
                                                            "self": 0.00017370001296512783
                                                        }
                                                    }
                                                },
                                                "UnityEnvironment.step": {
                                                    "total": 89.4146568007418,
                                                    "count": 12494,
                                                    "is_parallel": true,
                                                    "self": 1.2051142009731848,
                                                    "children": {
                                                        "UnityEnvironment._generate_step_input": {
                                                            "total": 0.7539675002335571,
                                                            "count": 12494,
                                                            "is_parallel": true,
                                                            "self": 0.7539675002335571
                                                        },
                                                        "communicator.exchange": {
                                                            "total": 84.92359609852429,
                                                            "count": 12494,
                                                            "is_parallel": true,
                                                            "self": 84.92359609852429
                                                        },
                                                        "steps_from_proto": {
                                                            "total": 2.531979001010768,
                                                            "count": 12494,
                                                            "is_parallel": true,
                                                            "self": 1.0734746022499166,
                                                            "children": {
                                                                "_process_rank_one_or_two_observation": {
                                                                    "total": 1.4585043987608515,
                                                                    "count": 24988,
                                                                    "is_parallel": true,
                                                                    "self": 1.4585043987608515
                                                                }
                                                            }
                                                        }
                                                    }
                                                }
                                            }
                                        }
                                    }
                                }
                            }
                        },
                        "trainer_advance": {
                            "total": 5.016444903099909,
                            "count": 12494,
                            "self": 0.2945450052211527,
                            "children": {
                                "process_trajectory": {
                                    "total": 1.1491671978728846,
                                    "count": 12494,
                                    "self": 1.1491671978728846
                                },
                                "_update_policy": {
                                    "total": 3.572732700005872,
                                    "count": 1,
                                    "self": 3.15325920007308,
                                    "children": {
                                        "TorchPPOOptimizer.update": {
                                            "total": 0.41947349993279204,
                                            "count": 30,